{
  "name": "Default Dark",
  "id": "default-dark",
  "version": 1,
  "compatibilityVersion": 1,
  "license": "GPL-3.0-or-later",
  "authors": [{"name": "Notesnook"}],
  "description": "Default dark theme",
  "colorScheme": "dark",
  "scopes": {
    "base": {
      "primary": {
        "accent": "#008837",
        "accentForeground": "#ffffff",
        "paragraph": "#e0e0e0",
        "background": "#1a1a1a",
        "border": "#2e2e2e",
        "heading": "#f5f5f5",
        "icon": "#a0a0a0",
        "separator": "#2e2e2e",
        "placeholder": "#5f5f5f",
        "hover": "#252525",
        "backdrop": "#00000080",
        "shade": "#252525",
        "textSelection": "#0088ff40"
      },
      "secondary": {
        "accent": "#2e2e2e",
        "accentForeground": "#e0e0e0",
        "paragraph": "#e0e0e0",
        "background": "#202020",
        "border": "#2e2e2e",
        "heading": "#f5f5f5",
        "icon": "#a0a0a0",
        "separator": "#2e2e2e",
        "placeholder": "#5f5f5f",
        "hover": "#2a2a2a",
        "backdrop": "#00000080",
        "shade": "#2a2a2a",
        "textSelection": "#0088ff40"
      },
      "disabled": {
        "accent": "#2e2e2e",
        "accentForeground": "#5f5f5f",
        "paragraph": "#5f5f5f",
        "background": "#1f1f1f",
        "border": "#2e2e2e",
        "heading": "#5f5f5f",
        "icon": "#4a4a4a",
        "separator": "#2e2e2e",
        "placeholder": "#4a4a4a",
        "hover": "#252525",
        "backdrop": "#00000080",
        "shade": "#252525",
        "textSelection": "#0088ff40"
      },
      "selected": {
        "accent": "#008837",
        "accentForeground": "#ffffff",
        "paragraph": "#e0e0e0",
        "background": "#1b3a25",
        "border": "#2e5836",
        "heading": "#f5f5f5",
        "icon": "#a0a0a0",
        "separator": "#2e5836",
        "placeholder": "#5f5f5f",
        "hover": "#243d2c",
        "backdrop": "#00000080",
        "shade": "#243d2c",
        "textSelection": "#0088ff40"
      },
      "error": {
        "accent": "#f44336",
        "accentForeground": "#ffffff",
        "paragraph": "#e0e0e0",
        "background": "#3a1a1b",
        "border": "#5a2e2f",
        "heading": "#ff5252",
        "icon": "#e57373",
        "separator": "#5a2e2f",
        "placeholder": "#5f5f5f",
        "hover": "#442020",
        "backdrop": "#00000080",
        "shade": "#442020",
        "textSelection": "#0088ff40"
      },
      "success": {
        "accent": "#4CAF50",
        "accentForeground": "#ffffff",
        "paragraph": "#e0e0e0",
        "background": "#1b3a25",
        "border": "#2e5836",
        "heading": "#66bb6a",
        "icon": "#81c784",
        "separator": "#2e5836",
        "placeholder": "#5f5f5f",
        "hover": "#243d2c",
        "backdrop": "#00000080",
        "shade": "#243d2c",
        "textSelection": "#0088ff40"
      }
    }
  },
  "codeBlockCSS": ""
}
