{
  "name": "Default Light",
  "id": "default-light",
  "version": 1,
  "compatibilityVersion": 1,
  "license": "GPL-3.0-or-later",
  "authors": [{"name": "Notesnook"}],
  "description": "Default light theme",
  "colorScheme": "light",
  "scopes": {
    "base": {
      "primary": {
        "accent": "#008837",
        "accentForeground": "#ffffff",
        "paragraph": "#323232",
        "background": "#ffffff",
        "border": "#e5e5e5",
        "heading": "#1f1f1f",
        "icon": "#5f5f5f",
        "separator": "#e5e5e5",
        "placeholder": "#c5c5c5",
        "hover": "#f5f5f5",
        "backdrop": "#00000050",
        "shade": "#f5f5f5",
        "textSelection": "#0088ff40"
      },
      "secondary": {
        "accent": "#f5f5f5",
        "accentForeground": "#323232",
        "paragraph": "#323232",
        "background": "#fafafa",
        "border": "#e5e5e5",
        "heading": "#1f1f1f",
        "icon": "#5f5f5f",
        "separator": "#e5e5e5",
        "placeholder": "#c5c5c5",
        "hover": "#efefef",
        "backdrop": "#00000050",
        "shade": "#f0f0f0",
        "textSelection": "#0088ff40"
      },
      "disabled": {
        "accent": "#e0e0e0",
        "accentForeground": "#9e9e9e",
        "paragraph": "#9e9e9e",
        "background": "#f5f5f5",
        "border": "#e5e5e5",
        "heading": "#9e9e9e",
        "icon": "#c5c5c5",
        "separator": "#e5e5e5",
        "placeholder": "#d5d5d5",
        "hover": "#f0f0f0",
        "backdrop": "#00000050",
        "shade": "#f0f0f0",
        "textSelection": "#0088ff40"
      },
      "selected": {
        "accent": "#008837",
        "accentForeground": "#ffffff",
        "paragraph": "#323232",
        "background": "#e8f5e9",
        "border": "#c8e6c9",
        "heading": "#1f1f1f",
        "icon": "#5f5f5f",
        "separator": "#c8e6c9",
        "placeholder": "#c5c5c5",
        "hover": "#d5ecd6",
        "backdrop": "#00000050",
        "shade": "#d5ecd6",
        "textSelection": "#0088ff40"
      },
      "error": {
        "accent": "#f44336",
        "accentForeground": "#ffffff",
        "paragraph": "#323232",
        "background": "#ffebee",
        "border": "#ffcdd2",
        "heading": "#d32f2f",
        "icon": "#e57373",
        "separator": "#ffcdd2",
        "placeholder": "#c5c5c5",
        "hover": "#ffcdd2",
        "backdrop": "#00000050",
        "shade": "#ffcdd2",
        "textSelection": "#0088ff40"
      },
      "success": {
        "accent": "#4CAF50",
        "accentForeground": "#ffffff",
        "paragraph": "#323232",
        "background": "#e8f5e9",
        "border": "#c8e6c9",
        "heading": "#388e3c",
        "icon": "#66bb6a",
        "separator": "#c8e6c9",
        "placeholder": "#c5c5c5",
        "hover": "#c8e6c9",
        "backdrop": "#00000050",
        "shade": "#c8e6c9",
        "textSelection": "#0088ff40"
      }
    }
  },
  "codeBlockCSS": ""
}
